seed,N,MixingLevel,metric_name,value
0,5,0,tau,0.03126084925606891
0,5,0,alpha,0.2
0,5,0,m_pred,3.0
0,5,0,acc,0.6
0,5,0,precision,0.3333333333333333
0,5,0,recall,1.0
0,5,0,f1,0.5
0,5,0,roc_auc,0.75
0,5,0,pr_auc,0.5
0,5,0,fp_per_scenario,2.0
0,5,0,fp_per_user,0.5
0,5,0,top1,0.0
0,5,0,top3,1.0
0,5,0,top5,1.0
0,5,1,tau,0.0398942023515702
0,5,1,alpha,0.2
0,5,1,m_pred,3.0
0,5,1,acc,0.6
0,5,1,precision,0.3333333333333333
0,5,1,recall,1.0
0,5,1,f1,0.5
0,5,1,roc_auc,1.0
0,5,1,pr_auc,1.0
0,5,1,fp_per_scenario,2.0
0,5,1,fp_per_user,0.5
0,5,1,top1,1.0
0,5,1,top3,1.0
0,5,1,top5,1.0
0,5,2,tau,0.014846012182533749
0,5,2,alpha,0.2
0,5,2,m_pred,3.0
0,5,2,acc,0.6
0,5,2,precision,0.3333333333333333
0,5,2,recall,1.0
0,5,2,f1,0.5
0,5,2,roc_auc,0.75
0,5,2,pr_auc,0.5
0,5,2,fp_per_scenario,2.0
0,5,2,fp_per_user,0.5
0,5,2,top1,0.0
0,5,2,top3,1.0
0,5,2,top5,1.0
0,5,3,tau,0.006043387204408651
0,5,3,alpha,0.2
0,5,3,m_pred,3.0
0,5,3,acc,0.6
0,5,3,precision,0.3333333333333333
0,5,3,recall,1.0
0,5,3,f1,0.5
0,5,3,roc_auc,1.0
0,5,3,pr_auc,1.0
0,5,3,fp_per_scenario,2.0
0,5,3,fp_per_user,0.5
0,5,3,top1,1.0
0,5,3,top3,1.0
0,5,3,top5,1.0
0,5,4,tau,0.0173189003020525
0,5,4,alpha,0.2
0,5,4,m_pred,3.0
0,5,4,acc,0.6
0,5,4,precision,0.3333333333333333
0,5,4,recall,1.0
0,5,4,f1,0.5
0,5,4,roc_auc,1.0
0,5,4,pr_auc,1.0
0,5,4,fp_per_scenario,2.0
0,5,4,fp_per_user,0.5
0,5,4,top1,1.0
0,5,4,top3,1.0
0,5,4,top5,1.0
0,5,5,tau,0.0035864010453224566
0,5,5,alpha,0.2
0,5,5,m_pred,3.0
0,5,5,acc,0.6
0,5,5,precision,0.3333333333333333
0,5,5,recall,1.0
0,5,5,f1,0.5
0,5,5,roc_auc,0.75
0,5,5,pr_auc,0.5
0,5,5,fp_per_scenario,2.0
0,5,5,fp_per_user,0.5
0,5,5,top1,0.0
0,5,5,top3,1.0
0,5,5,top5,1.0
0,10,0,tau,0.0819252245128157
0,10,0,alpha,0.1
0,10,0,m_pred,3.0
0,10,0,acc,0.6
0,10,0,precision,0.0
0,10,0,recall,0.0
0,10,0,f1,0.0
0,10,0,roc_auc,0.6666666666666667
0,10,0,pr_auc,0.25
0,10,0,fp_per_scenario,3.0
0,10,0,fp_per_user,0.3333333333333333
0,10,0,top1,0.0
0,10,0,top3,0.0
0,10,0,top5,1.0
0,10,1,tau,0.03898197356611491
0,10,1,alpha,0.1
0,10,1,m_pred,3.0
0,10,1,acc,0.8
0,10,1,precision,0.3333333333333333
0,10,1,recall,1.0
0,10,1,f1,0.5
0,10,1,roc_auc,0.8888888888888888
0,10,1,pr_auc,0.5
0,10,1,fp_per_scenario,2.0
0,10,1,fp_per_user,0.2222222222222222
0,10,1,top1,0.0
0,10,1,top3,1.0
0,10,1,top5,1.0
0,10,2,tau,0.019107031449675592
0,10,2,alpha,0.1
0,10,2,m_pred,3.0
0,10,2,acc,0.8
0,10,2,precision,0.3333333333333333
0,10,2,recall,1.0
0,10,2,f1,0.5
0,10,2,roc_auc,0.8888888888888888
0,10,2,pr_auc,0.5
0,10,2,fp_per_scenario,2.0
0,10,2,fp_per_user,0.2222222222222222
0,10,2,top1,0.0
0,10,2,top3,1.0
0,10,2,top5,1.0
0,10,3,tau,0.011736721522174805
0,10,3,alpha,0.1
0,10,3,m_pred,3.0
0,10,3,acc,0.8
0,10,3,precision,0.3333333333333333
0,10,3,recall,1.0
0,10,3,f1,0.5
0,10,3,roc_auc,0.7777777777777778
0,10,3,pr_auc,0.3333333333333333
0,10,3,fp_per_scenario,2.0
0,10,3,fp_per_user,0.2222222222222222
0,10,3,top1,0.0
0,10,3,top3,1.0
0,10,3,top5,1.0
0,10,4,tau,0.02048122708220035
0,10,4,alpha,0.1
0,10,4,m_pred,3.0
0,10,4,acc,0.6
0,10,4,precision,0.0
0,10,4,recall,0.0
0,10,4,f1,0.0
0,10,4,roc_auc,0.6666666666666667
0,10,4,pr_auc,0.25
0,10,4,fp_per_scenario,3.0
0,10,4,fp_per_user,0.3333333333333333
0,10,4,top1,0.0
0,10,4,top3,0.0
0,10,4,top5,1.0
0,10,5,tau,0.014534959162119786
0,10,5,alpha,0.1
0,10,5,m_pred,3.0
0,10,5,acc,0.8
0,10,5,precision,0.3333333333333333
0,10,5,recall,1.0
0,10,5,f1,0.5
0,10,5,roc_auc,0.7777777777777778
0,10,5,pr_auc,0.3333333333333333
0,10,5,fp_per_scenario,2.0
0,10,5,fp_per_user,0.2222222222222222
0,10,5,top1,0.0
0,10,5,top3,1.0
0,10,5,top5,1.0
0,20,0,tau,0.06376959793269764
0,20,0,alpha,0.05
0,20,0,m_pred,3.0
0,20,0,acc,0.8
0,20,0,precision,0.0
0,20,0,recall,0.0
0,20,0,f1,0.0
0,20,0,roc_auc,0.8421052631578947
0,20,0,pr_auc,0.25
0,20,0,fp_per_scenario,3.0
0,20,0,fp_per_user,0.15789473684210525
0,20,0,top1,0.0
0,20,0,top3,0.0
0,20,0,top5,1.0
0,20,1,tau,0.024905163003131756
0,20,1,alpha,0.05
0,20,1,m_pred,3.0
0,20,1,acc,0.9
0,20,1,precision,0.3333333333333333
0,20,1,recall,1.0
0,20,1,f1,0.5
0,20,1,roc_auc,0.8947368421052632
0,20,1,pr_auc,0.3333333333333333
0,20,1,fp_per_scenario,2.0
0,20,1,fp_per_user,0.10526315789473684
0,20,1,top1,0.0
0,20,1,top3,1.0
0,20,1,top5,1.0
0,20,2,tau,0.02348321378231049
0,20,2,alpha,0.05
0,20,2,m_pred,3.0
0,20,2,acc,0.8
0,20,2,precision,0.0
0,20,2,recall,0.0
0,20,2,f1,0.0
0,20,2,roc_auc,0.7894736842105263
0,20,2,pr_auc,0.2
0,20,2,fp_per_scenario,3.0
0,20,2,fp_per_user,0.15789473684210525
0,20,2,top1,0.0
0,20,2,top3,0.0
0,20,2,top5,1.0
0,20,3,tau,0.01821058086352423
0,20,3,alpha,0.05
0,20,3,m_pred,3.0
0,20,3,acc,0.9
0,20,3,precision,0.3333333333333333
0,20,3,recall,1.0
0,20,3,f1,0.5
0,20,3,roc_auc,1.0
0,20,3,pr_auc,1.0
0,20,3,fp_per_scenario,2.0
0,20,3,fp_per_user,0.10526315789473684
0,20,3,top1,1.0
0,20,3,top3,1.0
0,20,3,top5,1.0
0,20,4,tau,0.016482863342389464
0,20,4,alpha,0.05
0,20,4,m_pred,3.0
0,20,4,acc,0.9
0,20,4,precision,0.3333333333333333
0,20,4,recall,1.0
0,20,4,f1,0.5
0,20,4,roc_auc,0.8947368421052632
0,20,4,pr_auc,0.3333333333333333
0,20,4,fp_per_scenario,2.0
0,20,4,fp_per_user,0.10526315789473684
0,20,4,top1,0.0
0,20,4,top3,1.0
0,20,4,top5,1.0
0,20,5,tau,0.010711218346841671
0,20,5,alpha,0.05
0,20,5,m_pred,3.0
0,20,5,acc,0.9
0,20,5,precision,0.3333333333333333
0,20,5,recall,1.0
0,20,5,f1,0.5
0,20,5,roc_auc,1.0
0,20,5,pr_auc,1.0
0,20,5,fp_per_scenario,2.0
0,20,5,fp_per_user,0.10526315789473684
0,20,5,top1,1.0
0,20,5,top3,1.0
0,20,5,top5,1.0
1,5,0,tau,0.03126084925606891
1,5,0,alpha,0.2
1,5,0,m_pred,3.0
1,5,0,acc,0.6
1,5,0,precision,0.3333333333333333
1,5,0,recall,1.0
1,5,0,f1,0.5
1,5,0,roc_auc,0.75
1,5,0,pr_auc,0.5
1,5,0,fp_per_scenario,2.0
1,5,0,fp_per_user,0.5
1,5,0,top1,0.0
1,5,0,top3,1.0
1,5,0,top5,1.0
1,5,1,tau,0.0398942023515702
1,5,1,alpha,0.2
1,5,1,m_pred,3.0
1,5,1,acc,0.6
1,5,1,precision,0.3333333333333333
1,5,1,recall,1.0
1,5,1,f1,0.5
1,5,1,roc_auc,1.0
1,5,1,pr_auc,1.0
1,5,1,fp_per_scenario,2.0
1,5,1,fp_per_user,0.5
1,5,1,top1,1.0
1,5,1,top3,1.0
1,5,1,top5,1.0
1,5,2,tau,0.014846012182533749
1,5,2,alpha,0.2
1,5,2,m_pred,3.0
1,5,2,acc,0.6
1,5,2,precision,0.3333333333333333
1,5,2,recall,1.0
1,5,2,f1,0.5
1,5,2,roc_auc,1.0
1,5,2,pr_auc,1.0
1,5,2,fp_per_scenario,2.0
1,5,2,fp_per_user,0.5
1,5,2,top1,1.0
1,5,2,top3,1.0
1,5,2,top5,1.0
1,5,3,tau,0.006043387204408651
1,5,3,alpha,0.2
1,5,3,m_pred,3.0
1,5,3,acc,0.6
1,5,3,precision,0.3333333333333333
1,5,3,recall,1.0
1,5,3,f1,0.5
1,5,3,roc_auc,1.0
1,5,3,pr_auc,1.0
1,5,3,fp_per_scenario,2.0
1,5,3,fp_per_user,0.5
1,5,3,top1,1.0
1,5,3,top3,1.0
1,5,3,top5,1.0
1,5,4,tau,0.0173189003020525
1,5,4,alpha,0.2
1,5,4,m_pred,3.0
1,5,4,acc,0.6
1,5,4,precision,0.3333333333333333
1,5,4,recall,1.0
1,5,4,f1,0.5
1,5,4,roc_auc,0.75
1,5,4,pr_auc,0.5
1,5,4,fp_per_scenario,2.0
1,5,4,fp_per_user,0.5
1,5,4,top1,0.0
1,5,4,top3,1.0
1,5,4,top5,1.0
1,5,5,tau,0.0035864010453224566
1,5,5,alpha,0.2
1,5,5,m_pred,3.0
1,5,5,acc,0.6
1,5,5,precision,0.3333333333333333
1,5,5,recall,1.0
1,5,5,f1,0.5
1,5,5,roc_auc,1.0
1,5,5,pr_auc,1.0
1,5,5,fp_per_scenario,2.0
1,5,5,fp_per_user,0.5
1,5,5,top1,1.0
1,5,5,top3,1.0
1,5,5,top5,1.0
1,10,0,tau,0.0819252245128157
1,10,0,alpha,0.1
1,10,0,m_pred,3.0
1,10,0,acc,0.8
1,10,0,precision,0.3333333333333333
1,10,0,recall,1.0
1,10,0,f1,0.5
1,10,0,roc_auc,0.8888888888888888
1,10,0,pr_auc,0.5
1,10,0,fp_per_scenario,2.0
1,10,0,fp_per_user,0.2222222222222222
1,10,0,top1,0.0
1,10,0,top3,1.0
1,10,0,top5,1.0
1,10,1,tau,0.03898197356611491
1,10,1,alpha,0.1
1,10,1,m_pred,3.0
1,10,1,acc,0.8
1,10,1,precision,0.3333333333333333
1,10,1,recall,1.0
1,10,1,f1,0.5
1,10,1,roc_auc,0.8888888888888888
1,10,1,pr_auc,0.5
1,10,1,fp_per_scenario,2.0
1,10,1,fp_per_user,0.2222222222222222
1,10,1,top1,0.0
1,10,1,top3,1.0
1,10,1,top5,1.0
1,10,2,tau,0.019107031449675592
1,10,2,alpha,0.1
1,10,2,m_pred,3.0
1,10,2,acc,0.8
1,10,2,precision,0.3333333333333333
1,10,2,recall,1.0
1,10,2,f1,0.5
1,10,2,roc_auc,0.7777777777777778
1,10,2,pr_auc,0.3333333333333333
1,10,2,fp_per_scenario,2.0
1,10,2,fp_per_user,0.2222222222222222
1,10,2,top1,0.0
1,10,2,top3,1.0
1,10,2,top5,1.0
1,10,3,tau,0.011736721522174805
1,10,3,alpha,0.1
1,10,3,m_pred,3.0
1,10,3,acc,0.8
1,10,3,precision,0.3333333333333333
1,10,3,recall,1.0
1,10,3,f1,0.5
1,10,3,roc_auc,0.7777777777777778
1,10,3,pr_auc,0.3333333333333333
1,10,3,fp_per_scenario,2.0
1,10,3,fp_per_user,0.2222222222222222
1,10,3,top1,0.0
1,10,3,top3,1.0
1,10,3,top5,1.0
1,10,4,tau,0.02048122708220035
1,10,4,alpha,0.1
1,10,4,m_pred,3.0
1,10,4,acc,0.8
1,10,4,precision,0.3333333333333333
1,10,4,recall,1.0
1,10,4,f1,0.5
1,10,4,roc_auc,1.0
1,10,4,pr_auc,1.0
1,10,4,fp_per_scenario,2.0
1,10,4,fp_per_user,0.2222222222222222
1,10,4,top1,1.0
1,10,4,top3,1.0
1,10,4,top5,1.0
1,10,5,tau,0.014534959162119786
1,10,5,alpha,0.1
1,10,5,m_pred,3.0
1,10,5,acc,0.8
1,10,5,precision,0.3333333333333333
1,10,5,recall,1.0
1,10,5,f1,0.5
1,10,5,roc_auc,1.0
1,10,5,pr_auc,1.0
1,10,5,fp_per_scenario,2.0
1,10,5,fp_per_user,0.2222222222222222
1,10,5,top1,1.0
1,10,5,top3,1.0
1,10,5,top5,1.0
1,20,0,tau,0.06376959793269764
1,20,0,alpha,0.05
1,20,0,m_pred,3.0
1,20,0,acc,0.9
1,20,0,precision,0.3333333333333333
1,20,0,recall,1.0
1,20,0,f1,0.5
1,20,0,roc_auc,1.0
1,20,0,pr_auc,1.0
1,20,0,fp_per_scenario,2.0
1,20,0,fp_per_user,0.10526315789473684
1,20,0,top1,1.0
1,20,0,top3,1.0
1,20,0,top5,1.0
1,20,1,tau,0.024905163003131756
1,20,1,alpha,0.05
1,20,1,m_pred,3.0
1,20,1,acc,0.9
1,20,1,precision,0.3333333333333333
1,20,1,recall,1.0
1,20,1,f1,0.5
1,20,1,roc_auc,0.8947368421052632
1,20,1,pr_auc,0.3333333333333333
1,20,1,fp_per_scenario,2.0
1,20,1,fp_per_user,0.10526315789473684
1,20,1,top1,0.0
1,20,1,top3,1.0
1,20,1,top5,1.0
1,20,2,tau,0.02348321378231049
1,20,2,alpha,0.05
1,20,2,m_pred,3.0
1,20,2,acc,0.8
1,20,2,precision,0.0
1,20,2,recall,0.0
1,20,2,f1,0.0
1,20,2,roc_auc,0.8421052631578947
1,20,2,pr_auc,0.25
1,20,2,fp_per_scenario,3.0
1,20,2,fp_per_user,0.15789473684210525
1,20,2,top1,0.0
1,20,2,top3,0.0
1,20,2,top5,1.0
1,20,3,tau,0.01821058086352423
1,20,3,alpha,0.05
1,20,3,m_pred,3.0
1,20,3,acc,0.9
1,20,3,precision,0.3333333333333333
1,20,3,recall,1.0
1,20,3,f1,0.5
1,20,3,roc_auc,0.9473684210526316
1,20,3,pr_auc,0.5
1,20,3,fp_per_scenario,2.0
1,20,3,fp_per_user,0.10526315789473684
1,20,3,top1,0.0
1,20,3,top3,1.0
1,20,3,top5,1.0
1,20,4,tau,0.016482863342389464
1,20,4,alpha,0.05
1,20,4,m_pred,3.0
1,20,4,acc,0.9
1,20,4,precision,0.3333333333333333
1,20,4,recall,1.0
1,20,4,f1,0.5
1,20,4,roc_auc,0.8947368421052632
1,20,4,pr_auc,0.3333333333333333
1,20,4,fp_per_scenario,2.0
1,20,4,fp_per_user,0.10526315789473684
1,20,4,top1,0.0
1,20,4,top3,1.0
1,20,4,top5,1.0
1,20,5,tau,0.010711218346841671
1,20,5,alpha,0.05
1,20,5,m_pred,3.0
1,20,5,acc,0.9
1,20,5,precision,0.3333333333333333
1,20,5,recall,1.0
1,20,5,f1,0.5
1,20,5,roc_auc,1.0
1,20,5,pr_auc,1.0
1,20,5,fp_per_scenario,2.0
1,20,5,fp_per_user,0.10526315789473684
1,20,5,top1,1.0
1,20,5,top3,1.0
1,20,5,top5,1.0
2,5,0,tau,0.03126084925606891
2,5,0,alpha,0.2
2,5,0,m_pred,3.0
2,5,0,acc,0.6
2,5,0,precision,0.3333333333333333
2,5,0,recall,1.0
2,5,0,f1,0.5
2,5,0,roc_auc,0.5
2,5,0,pr_auc,0.3333333333333333
2,5,0,fp_per_scenario,2.0
2,5,0,fp_per_user,0.5
2,5,0,top1,0.0
2,5,0,top3,1.0
2,5,0,top5,1.0
2,5,1,tau,0.0398942023515702
2,5,1,alpha,0.2
2,5,1,m_pred,3.0
2,5,1,acc,0.6
2,5,1,precision,0.3333333333333333
2,5,1,recall,1.0
2,5,1,f1,0.5
2,5,1,roc_auc,1.0
2,5,1,pr_auc,1.0
2,5,1,fp_per_scenario,2.0
2,5,1,fp_per_user,0.5
2,5,1,top1,1.0
2,5,1,top3,1.0
2,5,1,top5,1.0
2,5,2,tau,0.014846012182533749
2,5,2,alpha,0.2
2,5,2,m_pred,3.0
2,5,2,acc,0.6
2,5,2,precision,0.3333333333333333
2,5,2,recall,1.0
2,5,2,f1,0.5
2,5,2,roc_auc,1.0
2,5,2,pr_auc,1.0
2,5,2,fp_per_scenario,2.0
2,5,2,fp_per_user,0.5
2,5,2,top1,1.0
2,5,2,top3,1.0
2,5,2,top5,1.0
2,5,3,tau,0.006043387204408651
2,5,3,alpha,0.2
2,5,3,m_pred,3.0
2,5,3,acc,0.6
2,5,3,precision,0.3333333333333333
2,5,3,recall,1.0
2,5,3,f1,0.5
2,5,3,roc_auc,0.75
2,5,3,pr_auc,0.5
2,5,3,fp_per_scenario,2.0
2,5,3,fp_per_user,0.5
2,5,3,top1,0.0
2,5,3,top3,1.0
2,5,3,top5,1.0
2,5,4,tau,0.0173189003020525
2,5,4,alpha,0.2
2,5,4,m_pred,3.0
2,5,4,acc,0.6
2,5,4,precision,0.3333333333333333
2,5,4,recall,1.0
2,5,4,f1,0.5
2,5,4,roc_auc,1.0
2,5,4,pr_auc,1.0
2,5,4,fp_per_scenario,2.0
2,5,4,fp_per_user,0.5
2,5,4,top1,1.0
2,5,4,top3,1.0
2,5,4,top5,1.0
2,5,5,tau,0.0035864010453224566
2,5,5,alpha,0.2
2,5,5,m_pred,3.0
2,5,5,acc,0.6
2,5,5,precision,0.3333333333333333
2,5,5,recall,1.0
2,5,5,f1,0.5
2,5,5,roc_auc,1.0
2,5,5,pr_auc,1.0
2,5,5,fp_per_scenario,2.0
2,5,5,fp_per_user,0.5
2,5,5,top1,1.0
2,5,5,top3,1.0
2,5,5,top5,1.0
2,10,0,tau,0.0819252245128157
2,10,0,alpha,0.1
2,10,0,m_pred,3.0
2,10,0,acc,0.8
2,10,0,precision,0.3333333333333333
2,10,0,recall,1.0
2,10,0,f1,0.5
2,10,0,roc_auc,1.0
2,10,0,pr_auc,1.0
2,10,0,fp_per_scenario,2.0
2,10,0,fp_per_user,0.2222222222222222
2,10,0,top1,1.0
2,10,0,top3,1.0
2,10,0,top5,1.0
2,10,1,tau,0.03898197356611491
2,10,1,alpha,0.1
2,10,1,m_pred,3.0
2,10,1,acc,0.6
2,10,1,precision,0.0
2,10,1,recall,0.0
2,10,1,f1,0.0
2,10,1,roc_auc,0.5555555555555556
2,10,1,pr_auc,0.2
2,10,1,fp_per_scenario,3.0
2,10,1,fp_per_user,0.3333333333333333
2,10,1,top1,0.0
2,10,1,top3,0.0
2,10,1,top5,1.0
2,10,2,tau,0.019107031449675592
2,10,2,alpha,0.1
2,10,2,m_pred,3.0
2,10,2,acc,0.8
2,10,2,precision,0.3333333333333333
2,10,2,recall,1.0
2,10,2,f1,0.5
2,10,2,roc_auc,1.0
2,10,2,pr_auc,1.0
2,10,2,fp_per_scenario,2.0
2,10,2,fp_per_user,0.2222222222222222
2,10,2,top1,1.0
2,10,2,top3,1.0
2,10,2,top5,1.0
2,10,3,tau,0.011736721522174805
2,10,3,alpha,0.1
2,10,3,m_pred,3.0
2,10,3,acc,0.8
2,10,3,precision,0.3333333333333333
2,10,3,recall,1.0
2,10,3,f1,0.5
2,10,3,roc_auc,1.0
2,10,3,pr_auc,1.0
2,10,3,fp_per_scenario,2.0
2,10,3,fp_per_user,0.2222222222222222
2,10,3,top1,1.0
2,10,3,top3,1.0
2,10,3,top5,1.0
2,10,4,tau,0.02048122708220035
2,10,4,alpha,0.1
2,10,4,m_pred,3.0
2,10,4,acc,0.8
2,10,4,precision,0.3333333333333333
2,10,4,recall,1.0
2,10,4,f1,0.5
2,10,4,roc_auc,1.0
2,10,4,pr_auc,1.0
2,10,4,fp_per_scenario,2.0
2,10,4,fp_per_user,0.2222222222222222
2,10,4,top1,1.0
2,10,4,top3,1.0
2,10,4,top5,1.0
2,10,5,tau,0.014534959162119786
2,10,5,alpha,0.1
2,10,5,m_pred,3.0
2,10,5,acc,0.8
2,10,5,precision,0.3333333333333333
2,10,5,recall,1.0
2,10,5,f1,0.5
2,10,5,roc_auc,1.0
2,10,5,pr_auc,1.0
2,10,5,fp_per_scenario,2.0
2,10,5,fp_per_user,0.2222222222222222
2,10,5,top1,1.0
2,10,5,top3,1.0
2,10,5,top5,1.0
2,20,0,tau,0.06376959793269764
2,20,0,alpha,0.05
2,20,0,m_pred,3.0
2,20,0,acc,0.8
2,20,0,precision,0.0
2,20,0,recall,0.0
2,20,0,f1,0.0
2,20,0,roc_auc,0.8421052631578947
2,20,0,pr_auc,0.25
2,20,0,fp_per_scenario,3.0
2,20,0,fp_per_user,0.15789473684210525
2,20,0,top1,0.0
2,20,0,top3,0.0
2,20,0,top5,1.0
2,20,1,tau,0.024905163003131756
2,20,1,alpha,0.05
2,20,1,m_pred,3.0
2,20,1,acc,0.9
2,20,1,precision,0.3333333333333333
2,20,1,recall,1.0
2,20,1,f1,0.5
2,20,1,roc_auc,1.0
2,20,1,pr_auc,1.0
2,20,1,fp_per_scenario,2.0
2,20,1,fp_per_user,0.10526315789473684
2,20,1,top1,1.0
2,20,1,top3,1.0
2,20,1,top5,1.0
2,20,2,tau,0.02348321378231049
2,20,2,alpha,0.05
2,20,2,m_pred,3.0
2,20,2,acc,0.8
2,20,2,precision,0.0
2,20,2,recall,0.0
2,20,2,f1,0.0
2,20,2,roc_auc,0.8421052631578947
2,20,2,pr_auc,0.25
2,20,2,fp_per_scenario,3.0
2,20,2,fp_per_user,0.15789473684210525
2,20,2,top1,0.0
2,20,2,top3,0.0
2,20,2,top5,1.0
2,20,3,tau,0.01821058086352423
2,20,3,alpha,0.05
2,20,3,m_pred,3.0
2,20,3,acc,0.9
2,20,3,precision,0.3333333333333333
2,20,3,recall,1.0
2,20,3,f1,0.5
2,20,3,roc_auc,0.8947368421052632
2,20,3,pr_auc,0.3333333333333333
2,20,3,fp_per_scenario,2.0
2,20,3,fp_per_user,0.10526315789473684
2,20,3,top1,0.0
2,20,3,top3,1.0
2,20,3,top5,1.0
2,20,4,tau,0.016482863342389464
2,20,4,alpha,0.05
2,20,4,m_pred,3.0
2,20,4,acc,0.9
2,20,4,precision,0.3333333333333333
2,20,4,recall,1.0
2,20,4,f1,0.5
2,20,4,roc_auc,1.0
2,20,4,pr_auc,1.0
2,20,4,fp_per_scenario,2.0
2,20,4,fp_per_user,0.10526315789473684
2,20,4,top1,1.0
2,20,4,top3,1.0
2,20,4,top5,1.0
2,20,5,tau,0.010711218346841671
2,20,5,alpha,0.05
2,20,5,m_pred,3.0
2,20,5,acc,0.9
2,20,5,precision,0.3333333333333333
2,20,5,recall,1.0
2,20,5,f1,0.5
2,20,5,roc_auc,0.8947368421052632
2,20,5,pr_auc,0.3333333333333333
2,20,5,fp_per_scenario,2.0
2,20,5,fp_per_user,0.10526315789473684
2,20,5,top1,0.0
2,20,5,top3,1.0
2,20,5,top5,1.0
3,5,0,tau,0.03126084925606891
3,5,0,alpha,0.2
3,5,0,m_pred,3.0
3,5,0,acc,0.6
3,5,0,precision,0.3333333333333333
3,5,0,recall,1.0
3,5,0,f1,0.5
3,5,0,roc_auc,0.5
3,5,0,pr_auc,0.3333333333333333
3,5,0,fp_per_scenario,2.0
3,5,0,fp_per_user,0.5
3,5,0,top1,0.0
3,5,0,top3,1.0
3,5,0,top5,1.0
3,5,1,tau,0.0398942023515702
3,5,1,alpha,0.2
3,5,1,m_pred,3.0
3,5,1,acc,0.6
3,5,1,precision,0.3333333333333333
3,5,1,recall,1.0
3,5,1,f1,0.5
3,5,1,roc_auc,1.0
3,5,1,pr_auc,1.0
3,5,1,fp_per_scenario,2.0
3,5,1,fp_per_user,0.5
3,5,1,top1,1.0
3,5,1,top3,1.0
3,5,1,top5,1.0
3,5,2,tau,0.014846012182533749
3,5,2,alpha,0.2
3,5,2,m_pred,3.0
3,5,2,acc,0.6
3,5,2,precision,0.3333333333333333
3,5,2,recall,1.0
3,5,2,f1,0.5
3,5,2,roc_auc,1.0
3,5,2,pr_auc,1.0
3,5,2,fp_per_scenario,2.0
3,5,2,fp_per_user,0.5
3,5,2,top1,1.0
3,5,2,top3,1.0
3,5,2,top5,1.0
3,5,3,tau,0.006043387204408651
3,5,3,alpha,0.2
3,5,3,m_pred,3.0
3,5,3,acc,0.6
3,5,3,precision,0.3333333333333333
3,5,3,recall,1.0
3,5,3,f1,0.5
3,5,3,roc_auc,1.0
3,5,3,pr_auc,1.0
3,5,3,fp_per_scenario,2.0
3,5,3,fp_per_user,0.5
3,5,3,top1,1.0
3,5,3,top3,1.0
3,5,3,top5,1.0
3,5,4,tau,0.0173189003020525
3,5,4,alpha,0.2
3,5,4,m_pred,3.0
3,5,4,acc,0.6
3,5,4,precision,0.3333333333333333
3,5,4,recall,1.0
3,5,4,f1,0.5
3,5,4,roc_auc,1.0
3,5,4,pr_auc,1.0
3,5,4,fp_per_scenario,2.0
3,5,4,fp_per_user,0.5
3,5,4,top1,1.0
3,5,4,top3,1.0
3,5,4,top5,1.0
3,5,5,tau,0.0035864010453224566
3,5,5,alpha,0.2
3,5,5,m_pred,3.0
3,5,5,acc,0.6
3,5,5,precision,0.3333333333333333
3,5,5,recall,1.0
3,5,5,f1,0.5
3,5,5,roc_auc,0.5
3,5,5,pr_auc,0.3333333333333333
3,5,5,fp_per_scenario,2.0
3,5,5,fp_per_user,0.5
3,5,5,top1,0.0
3,5,5,top3,1.0
3,5,5,top5,1.0
3,10,0,tau,0.0819252245128157
3,10,0,alpha,0.1
3,10,0,m_pred,3.0
3,10,0,acc,0.8
3,10,0,precision,0.3333333333333333
3,10,0,recall,1.0
3,10,0,f1,0.5
3,10,0,roc_auc,0.8888888888888888
3,10,0,pr_auc,0.5
3,10,0,fp_per_scenario,2.0
3,10,0,fp_per_user,0.2222222222222222
3,10,0,top1,0.0
3,10,0,top3,1.0
3,10,0,top5,1.0
3,10,1,tau,0.03898197356611491
3,10,1,alpha,0.1
3,10,1,m_pred,3.0
3,10,1,acc,0.8
3,10,1,precision,0.3333333333333333
3,10,1,recall,1.0
3,10,1,f1,0.5
3,10,1,roc_auc,0.7777777777777778
3,10,1,pr_auc,0.3333333333333333
3,10,1,fp_per_scenario,2.0
3,10,1,fp_per_user,0.2222222222222222
3,10,1,top1,0.0
3,10,1,top3,1.0
3,10,1,top5,1.0
3,10,2,tau,0.019107031449675592
3,10,2,alpha,0.1
3,10,2,m_pred,3.0
3,10,2,acc,0.8
3,10,2,precision,0.3333333333333333
3,10,2,recall,1.0
3,10,2,f1,0.5
3,10,2,roc_auc,1.0
3,10,2,pr_auc,1.0
3,10,2,fp_per_scenario,2.0
3,10,2,fp_per_user,0.2222222222222222
3,10,2,top1,1.0
3,10,2,top3,1.0
3,10,2,top5,1.0
3,10,3,tau,0.011736721522174805
3,10,3,alpha,0.1
3,10,3,m_pred,3.0
3,10,3,acc,0.8
3,10,3,precision,0.3333333333333333
3,10,3,recall,1.0
3,10,3,f1,0.5
3,10,3,roc_auc,1.0
3,10,3,pr_auc,1.0
3,10,3,fp_per_scenario,2.0
3,10,3,fp_per_user,0.2222222222222222
3,10,3,top1,1.0
3,10,3,top3,1.0
3,10,3,top5,1.0
3,10,4,tau,0.02048122708220035
3,10,4,alpha,0.1
3,10,4,m_pred,3.0
3,10,4,acc,0.8
3,10,4,precision,0.3333333333333333
3,10,4,recall,1.0
3,10,4,f1,0.5
3,10,4,roc_auc,1.0
3,10,4,pr_auc,1.0
3,10,4,fp_per_scenario,2.0
3,10,4,fp_per_user,0.2222222222222222
3,10,4,top1,1.0
3,10,4,top3,1.0
3,10,4,top5,1.0
3,10,5,tau,0.014534959162119786
3,10,5,alpha,0.1
3,10,5,m_pred,3.0
3,10,5,acc,0.8
3,10,5,precision,0.3333333333333333
3,10,5,recall,1.0
3,10,5,f1,0.5
3,10,5,roc_auc,0.8888888888888888
3,10,5,pr_auc,0.5
3,10,5,fp_per_scenario,2.0
3,10,5,fp_per_user,0.2222222222222222
3,10,5,top1,0.0
3,10,5,top3,1.0
3,10,5,top5,1.0
3,20,0,tau,0.06376959793269764
3,20,0,alpha,0.05
3,20,0,m_pred,3.0
3,20,0,acc,0.8
3,20,0,precision,0.0
3,20,0,recall,0.0
3,20,0,f1,0.0
3,20,0,roc_auc,0.6842105263157895
3,20,0,pr_auc,0.14285714285714285
3,20,0,fp_per_scenario,3.0
3,20,0,fp_per_user,0.15789473684210525
3,20,0,top1,0.0
3,20,0,top3,0.0
3,20,0,top5,0.0
3,20,1,tau,0.024905163003131756
3,20,1,alpha,0.05
3,20,1,m_pred,3.0
3,20,1,acc,0.8
3,20,1,precision,0.0
3,20,1,recall,0.0
3,20,1,f1,0.0
3,20,1,roc_auc,0.6842105263157895
3,20,1,pr_auc,0.14285714285714285
3,20,1,fp_per_scenario,3.0
3,20,1,fp_per_user,0.15789473684210525
3,20,1,top1,0.0
3,20,1,top3,0.0
3,20,1,top5,0.0
3,20,2,tau,0.02348321378231049
3,20,2,alpha,0.05
3,20,2,m_pred,3.0
3,20,2,acc,0.9
3,20,2,precision,0.3333333333333333
3,20,2,recall,1.0
3,20,2,f1,0.5
3,20,2,roc_auc,0.9473684210526316
3,20,2,pr_auc,0.5
3,20,2,fp_per_scenario,2.0
3,20,2,fp_per_user,0.10526315789473684
3,20,2,top1,0.0
3,20,2,top3,1.0
3,20,2,top5,1.0
3,20,3,tau,0.01821058086352423
3,20,3,alpha,0.05
3,20,3,m_pred,3.0
3,20,3,acc,0.9
3,20,3,precision,0.3333333333333333
3,20,3,recall,1.0
3,20,3,f1,0.5
3,20,3,roc_auc,0.9473684210526316
3,20,3,pr_auc,0.5
3,20,3,fp_per_scenario,2.0
3,20,3,fp_per_user,0.10526315789473684
3,20,3,top1,0.0
3,20,3,top3,1.0
3,20,3,top5,1.0
3,20,4,tau,0.016482863342389464
3,20,4,alpha,0.05
3,20,4,m_pred,3.0
3,20,4,acc,0.9
3,20,4,precision,0.3333333333333333
3,20,4,recall,1.0
3,20,4,f1,0.5
3,20,4,roc_auc,1.0
3,20,4,pr_auc,1.0
3,20,4,fp_per_scenario,2.0
3,20,4,fp_per_user,0.10526315789473684
3,20,4,top1,1.0
3,20,4,top3,1.0
3,20,4,top5,1.0
3,20,5,tau,0.010711218346841671
3,20,5,alpha,0.05
3,20,5,m_pred,3.0
3,20,5,acc,0.9
3,20,5,precision,0.3333333333333333
3,20,5,recall,1.0
3,20,5,f1,0.5
3,20,5,roc_auc,0.9473684210526316
3,20,5,pr_auc,0.5
3,20,5,fp_per_scenario,2.0
3,20,5,fp_per_user,0.10526315789473684
3,20,5,top1,0.0
3,20,5,top3,1.0
3,20,5,top5,1.0
4,5,0,tau,0.03126084925606891
4,5,0,alpha,0.2
4,5,0,m_pred,3.0
4,5,0,acc,0.6
4,5,0,precision,0.3333333333333333
4,5,0,recall,1.0
4,5,0,f1,0.5
4,5,0,roc_auc,0.5
4,5,0,pr_auc,0.3333333333333333
4,5,0,fp_per_scenario,2.0
4,5,0,fp_per_user,0.5
4,5,0,top1,0.0
4,5,0,top3,1.0
4,5,0,top5,1.0
4,5,1,tau,0.0398942023515702
4,5,1,alpha,0.2
4,5,1,m_pred,3.0
4,5,1,acc,0.6
4,5,1,precision,0.3333333333333333
4,5,1,recall,1.0
4,5,1,f1,0.5
4,5,1,roc_auc,1.0
4,5,1,pr_auc,1.0
4,5,1,fp_per_scenario,2.0
4,5,1,fp_per_user,0.5
4,5,1,top1,1.0
4,5,1,top3,1.0
4,5,1,top5,1.0
4,5,2,tau,0.014846012182533749
4,5,2,alpha,0.2
4,5,2,m_pred,3.0
4,5,2,acc,0.6
4,5,2,precision,0.3333333333333333
4,5,2,recall,1.0
4,5,2,f1,0.5
4,5,2,roc_auc,1.0
4,5,2,pr_auc,1.0
4,5,2,fp_per_scenario,2.0
4,5,2,fp_per_user,0.5
4,5,2,top1,1.0
4,5,2,top3,1.0
4,5,2,top5,1.0
4,5,3,tau,0.006043387204408651
4,5,3,alpha,0.2
4,5,3,m_pred,3.0
4,5,3,acc,0.6
4,5,3,precision,0.3333333333333333
4,5,3,recall,1.0
4,5,3,f1,0.5
4,5,3,roc_auc,1.0
4,5,3,pr_auc,1.0
4,5,3,fp_per_scenario,2.0
4,5,3,fp_per_user,0.5
4,5,3,top1,1.0
4,5,3,top3,1.0
4,5,3,top5,1.0
4,5,4,tau,0.0173189003020525
4,5,4,alpha,0.2
4,5,4,m_pred,3.0
4,5,4,acc,0.6
4,5,4,precision,0.3333333333333333
4,5,4,recall,1.0
4,5,4,f1,0.5
4,5,4,roc_auc,0.75
4,5,4,pr_auc,0.5
4,5,4,fp_per_scenario,2.0
4,5,4,fp_per_user,0.5
4,5,4,top1,0.0
4,5,4,top3,1.0
4,5,4,top5,1.0
4,5,5,tau,0.0035864010453224566
4,5,5,alpha,0.2
4,5,5,m_pred,3.0
4,5,5,acc,0.6
4,5,5,precision,0.3333333333333333
4,5,5,recall,1.0
4,5,5,f1,0.5
4,5,5,roc_auc,1.0
4,5,5,pr_auc,1.0
4,5,5,fp_per_scenario,2.0
4,5,5,fp_per_user,0.5
4,5,5,top1,1.0
4,5,5,top3,1.0
4,5,5,top5,1.0
4,10,0,tau,0.0819252245128157
4,10,0,alpha,0.1
4,10,0,m_pred,3.0
4,10,0,acc,0.6
4,10,0,precision,0.0
4,10,0,recall,0.0
4,10,0,f1,0.0
4,10,0,roc_auc,0.6666666666666667
4,10,0,pr_auc,0.25
4,10,0,fp_per_scenario,3.0
4,10,0,fp_per_user,0.3333333333333333
4,10,0,top1,0.0
4,10,0,top3,0.0
4,10,0,top5,1.0
4,10,1,tau,0.03898197356611491
4,10,1,alpha,0.1
4,10,1,m_pred,3.0
4,10,1,acc,0.8
4,10,1,precision,0.3333333333333333
4,10,1,recall,1.0
4,10,1,f1,0.5
4,10,1,roc_auc,0.8888888888888888
4,10,1,pr_auc,0.5
4,10,1,fp_per_scenario,2.0
4,10,1,fp_per_user,0.2222222222222222
4,10,1,top1,0.0
4,10,1,top3,1.0
4,10,1,top5,1.0
4,10,2,tau,0.019107031449675592
4,10,2,alpha,0.1
4,10,2,m_pred,3.0
4,10,2,acc,0.8
4,10,2,precision,0.3333333333333333
4,10,2,recall,1.0
4,10,2,f1,0.5
4,10,2,roc_auc,0.7777777777777778
4,10,2,pr_auc,0.3333333333333333
4,10,2,fp_per_scenario,2.0
4,10,2,fp_per_user,0.2222222222222222
4,10,2,top1,0.0
4,10,2,top3,1.0
4,10,2,top5,1.0
4,10,3,tau,0.011736721522174805
4,10,3,alpha,0.1
4,10,3,m_pred,3.0
4,10,3,acc,0.8
4,10,3,precision,0.3333333333333333
4,10,3,recall,1.0
4,10,3,f1,0.5
4,10,3,roc_auc,0.8888888888888888
4,10,3,pr_auc,0.5
4,10,3,fp_per_scenario,2.0
4,10,3,fp_per_user,0.2222222222222222
4,10,3,top1,0.0
4,10,3,top3,1.0
4,10,3,top5,1.0
4,10,4,tau,0.02048122708220035
4,10,4,alpha,0.1
4,10,4,m_pred,3.0
4,10,4,acc,0.8
4,10,4,precision,0.3333333333333333
4,10,4,recall,1.0
4,10,4,f1,0.5
4,10,4,roc_auc,0.8888888888888888
4,10,4,pr_auc,0.5
4,10,4,fp_per_scenario,2.0
4,10,4,fp_per_user,0.2222222222222222
4,10,4,top1,0.0
4,10,4,top3,1.0
4,10,4,top5,1.0
4,10,5,tau,0.014534959162119786
4,10,5,alpha,0.1
4,10,5,m_pred,3.0
4,10,5,acc,0.8
4,10,5,precision,0.3333333333333333
4,10,5,recall,1.0
4,10,5,f1,0.5
4,10,5,roc_auc,1.0
4,10,5,pr_auc,1.0
4,10,5,fp_per_scenario,2.0
4,10,5,fp_per_user,0.2222222222222222
4,10,5,top1,1.0
4,10,5,top3,1.0
4,10,5,top5,1.0
4,20,0,tau,0.06376959793269764
4,20,0,alpha,0.05
4,20,0,m_pred,3.0
4,20,0,acc,0.9
4,20,0,precision,0.3333333333333333
4,20,0,recall,1.0
4,20,0,f1,0.5
4,20,0,roc_auc,1.0
4,20,0,pr_auc,1.0
4,20,0,fp_per_scenario,2.0
4,20,0,fp_per_user,0.10526315789473684
4,20,0,top1,1.0
4,20,0,top3,1.0
4,20,0,top5,1.0
4,20,1,tau,0.024905163003131756
4,20,1,alpha,0.05
4,20,1,m_pred,3.0
4,20,1,acc,0.9
4,20,1,precision,0.3333333333333333
4,20,1,recall,1.0
4,20,1,f1,0.5
4,20,1,roc_auc,0.9473684210526316
4,20,1,pr_auc,0.5
4,20,1,fp_per_scenario,2.0
4,20,1,fp_per_user,0.10526315789473684
4,20,1,top1,0.0
4,20,1,top3,1.0
4,20,1,top5,1.0
4,20,2,tau,0.02348321378231049
4,20,2,alpha,0.05
4,20,2,m_pred,3.0
4,20,2,acc,0.9
4,20,2,precision,0.3333333333333333
4,20,2,recall,1.0
4,20,2,f1,0.5
4,20,2,roc_auc,1.0
4,20,2,pr_auc,1.0
4,20,2,fp_per_scenario,2.0
4,20,2,fp_per_user,0.10526315789473684
4,20,2,top1,1.0
4,20,2,top3,1.0
4,20,2,top5,1.0
4,20,3,tau,0.01821058086352423
4,20,3,alpha,0.05
4,20,3,m_pred,3.0
4,20,3,acc,0.9
4,20,3,precision,0.3333333333333333
4,20,3,recall,1.0
4,20,3,f1,0.5
4,20,3,roc_auc,0.8947368421052632
4,20,3,pr_auc,0.3333333333333333
4,20,3,fp_per_scenario,2.0
4,20,3,fp_per_user,0.10526315789473684
4,20,3,top1,0.0
4,20,3,top3,1.0
4,20,3,top5,1.0
4,20,4,tau,0.016482863342389464
4,20,4,alpha,0.05
4,20,4,m_pred,3.0
4,20,4,acc,0.9
4,20,4,precision,0.3333333333333333
4,20,4,recall,1.0
4,20,4,f1,0.5
4,20,4,roc_auc,0.8947368421052632
4,20,4,pr_auc,0.3333333333333333
4,20,4,fp_per_scenario,2.0
4,20,4,fp_per_user,0.10526315789473684
4,20,4,top1,0.0
4,20,4,top3,1.0
4,20,4,top5,1.0
4,20,5,tau,0.010711218346841671
4,20,5,alpha,0.05
4,20,5,m_pred,3.0
4,20,5,acc,0.9
4,20,5,precision,0.3333333333333333
4,20,5,recall,1.0
4,20,5,f1,0.5
4,20,5,roc_auc,0.8947368421052632
4,20,5,pr_auc,0.3333333333333333
4,20,5,fp_per_scenario,2.0
4,20,5,fp_per_user,0.10526315789473684
4,20,5,top1,0.0
4,20,5,top3,1.0
4,20,5,top5,1.0
5,5,0,tau,0.03126084925606891
5,5,0,alpha,0.2
5,5,0,m_pred,3.0
5,5,0,acc,0.6
5,5,0,precision,0.3333333333333333
5,5,0,recall,1.0
5,5,0,f1,0.5
5,5,0,roc_auc,0.75
5,5,0,pr_auc,0.5
5,5,0,fp_per_scenario,2.0
5,5,0,fp_per_user,0.5
5,5,0,top1,0.0
5,5,0,top3,1.0
5,5,0,top5,1.0
5,5,1,tau,0.0398942023515702
5,5,1,alpha,0.2
5,5,1,m_pred,3.0
5,5,1,acc,0.6
5,5,1,precision,0.3333333333333333
5,5,1,recall,1.0
5,5,1,f1,0.5
5,5,1,roc_auc,0.75
5,5,1,pr_auc,0.5
5,5,1,fp_per_scenario,2.0
5,5,1,fp_per_user,0.5
5,5,1,top1,0.0
5,5,1,top3,1.0
5,5,1,top5,1.0
5,5,2,tau,0.014846012182533749
5,5,2,alpha,0.2
5,5,2,m_pred,3.0
5,5,2,acc,0.6
5,5,2,precision,0.3333333333333333
5,5,2,recall,1.0
5,5,2,f1,0.5
5,5,2,roc_auc,1.0
5,5,2,pr_auc,1.0
5,5,2,fp_per_scenario,2.0
5,5,2,fp_per_user,0.5
5,5,2,top1,1.0
5,5,2,top3,1.0
5,5,2,top5,1.0
5,5,3,tau,0.006043387204408651
5,5,3,alpha,0.2
5,5,3,m_pred,3.0
5,5,3,acc,0.6
5,5,3,precision,0.3333333333333333
5,5,3,recall,1.0
5,5,3,f1,0.5
5,5,3,roc_auc,1.0
5,5,3,pr_auc,1.0
5,5,3,fp_per_scenario,2.0
5,5,3,fp_per_user,0.5
5,5,3,top1,1.0
5,5,3,top3,1.0
5,5,3,top5,1.0
5,5,4,tau,0.0173189003020525
5,5,4,alpha,0.2
5,5,4,m_pred,3.0
5,5,4,acc,0.6
5,5,4,precision,0.3333333333333333
5,5,4,recall,1.0
5,5,4,f1,0.5
5,5,4,roc_auc,0.75
5,5,4,pr_auc,0.5
5,5,4,fp_per_scenario,2.0
5,5,4,fp_per_user,0.5
5,5,4,top1,0.0
5,5,4,top3,1.0
5,5,4,top5,1.0
5,5,5,tau,0.0035864010453224566
5,5,5,alpha,0.2
5,5,5,m_pred,3.0
5,5,5,acc,0.6
5,5,5,precision,0.3333333333333333
5,5,5,recall,1.0
5,5,5,f1,0.5
5,5,5,roc_auc,1.0
5,5,5,pr_auc,1.0
5,5,5,fp_per_scenario,2.0
5,5,5,fp_per_user,0.5
5,5,5,top1,1.0
5,5,5,top3,1.0
5,5,5,top5,1.0
5,10,0,tau,0.0819252245128157
5,10,0,alpha,0.1
5,10,0,m_pred,3.0
5,10,0,acc,0.8
5,10,0,precision,0.3333333333333333
5,10,0,recall,1.0
5,10,0,f1,0.5
5,10,0,roc_auc,0.8888888888888888
5,10,0,pr_auc,0.5
5,10,0,fp_per_scenario,2.0
5,10,0,fp_per_user,0.2222222222222222
5,10,0,top1,0.0
5,10,0,top3,1.0
5,10,0,top5,1.0
5,10,1,tau,0.03898197356611491
5,10,1,alpha,0.1
5,10,1,m_pred,3.0
5,10,1,acc,0.8
5,10,1,precision,0.3333333333333333
5,10,1,recall,1.0
5,10,1,f1,0.5
5,10,1,roc_auc,0.8888888888888888
5,10,1,pr_auc,0.5
5,10,1,fp_per_scenario,2.0
5,10,1,fp_per_user,0.2222222222222222
5,10,1,top1,0.0
5,10,1,top3,1.0
5,10,1,top5,1.0
5,10,2,tau,0.019107031449675592
5,10,2,alpha,0.1
5,10,2,m_pred,3.0
5,10,2,acc,0.8
5,10,2,precision,0.3333333333333333
5,10,2,recall,1.0
5,10,2,f1,0.5
5,10,2,roc_auc,0.8888888888888888
5,10,2,pr_auc,0.5
5,10,2,fp_per_scenario,2.0
5,10,2,fp_per_user,0.2222222222222222
5,10,2,top1,0.0
5,10,2,top3,1.0
5,10,2,top5,1.0
5,10,3,tau,0.011736721522174805
5,10,3,alpha,0.1
5,10,3,m_pred,3.0
5,10,3,acc,0.8
5,10,3,precision,0.3333333333333333
5,10,3,recall,1.0
5,10,3,f1,0.5
5,10,3,roc_auc,1.0
5,10,3,pr_auc,1.0
5,10,3,fp_per_scenario,2.0
5,10,3,fp_per_user,0.2222222222222222
5,10,3,top1,1.0
5,10,3,top3,1.0
5,10,3,top5,1.0
5,10,4,tau,0.02048122708220035
5,10,4,alpha,0.1
5,10,4,m_pred,3.0
5,10,4,acc,0.8
5,10,4,precision,0.3333333333333333
5,10,4,recall,1.0
5,10,4,f1,0.5
5,10,4,roc_auc,1.0
5,10,4,pr_auc,1.0
5,10,4,fp_per_scenario,2.0
5,10,4,fp_per_user,0.2222222222222222
5,10,4,top1,1.0
5,10,4,top3,1.0
5,10,4,top5,1.0
5,10,5,tau,0.014534959162119786
5,10,5,alpha,0.1
5,10,5,m_pred,3.0
5,10,5,acc,0.8
5,10,5,precision,0.3333333333333333
5,10,5,recall,1.0
5,10,5,f1,0.5
5,10,5,roc_auc,0.8888888888888888
5,10,5,pr_auc,0.5
5,10,5,fp_per_scenario,2.0
5,10,5,fp_per_user,0.2222222222222222
5,10,5,top1,0.0
5,10,5,top3,1.0
5,10,5,top5,1.0
5,20,0,tau,0.06376959793269764
5,20,0,alpha,0.05
5,20,0,m_pred,3.0
5,20,0,acc,0.8
5,20,0,precision,0.0
5,20,0,recall,0.0
5,20,0,f1,0.0
5,20,0,roc_auc,0.7894736842105263
5,20,0,pr_auc,0.2
5,20,0,fp_per_scenario,3.0
5,20,0,fp_per_user,0.15789473684210525
5,20,0,top1,0.0
5,20,0,top3,0.0
5,20,0,top5,1.0
5,20,1,tau,0.024905163003131756
5,20,1,alpha,0.05
5,20,1,m_pred,3.0
5,20,1,acc,0.8
5,20,1,precision,0.0
5,20,1,recall,0.0
5,20,1,f1,0.0
5,20,1,roc_auc,0.7894736842105263
5,20,1,pr_auc,0.2
5,20,1,fp_per_scenario,3.0
5,20,1,fp_per_user,0.15789473684210525
5,20,1,top1,0.0
5,20,1,top3,0.0
5,20,1,top5,1.0
5,20,2,tau,0.02348321378231049
5,20,2,alpha,0.05
5,20,2,m_pred,3.0
5,20,2,acc,0.8
5,20,2,precision,0.0
5,20,2,recall,0.0
5,20,2,f1,0.0
5,20,2,roc_auc,0.7894736842105263
5,20,2,pr_auc,0.2
5,20,2,fp_per_scenario,3.0
5,20,2,fp_per_user,0.15789473684210525
5,20,2,top1,0.0
5,20,2,top3,0.0
5,20,2,top5,1.0
5,20,3,tau,0.01821058086352423
5,20,3,alpha,0.05
5,20,3,m_pred,3.0
5,20,3,acc,0.9
5,20,3,precision,0.3333333333333333
5,20,3,recall,1.0
5,20,3,f1,0.5
5,20,3,roc_auc,0.8947368421052632
5,20,3,pr_auc,0.3333333333333333
5,20,3,fp_per_scenario,2.0
5,20,3,fp_per_user,0.10526315789473684
5,20,3,top1,0.0
5,20,3,top3,1.0
5,20,3,top5,1.0
5,20,4,tau,0.016482863342389464
5,20,4,alpha,0.05
5,20,4,m_pred,3.0
5,20,4,acc,0.9
5,20,4,precision,0.3333333333333333
5,20,4,recall,1.0
5,20,4,f1,0.5
5,20,4,roc_auc,1.0
5,20,4,pr_auc,1.0
5,20,4,fp_per_scenario,2.0
5,20,4,fp_per_user,0.10526315789473684
5,20,4,top1,1.0
5,20,4,top3,1.0
5,20,4,top5,1.0
5,20,5,tau,0.010711218346841671
5,20,5,alpha,0.05
5,20,5,m_pred,3.0
5,20,5,acc,0.8
5,20,5,precision,0.0
5,20,5,recall,0.0
5,20,5,f1,0.0
5,20,5,roc_auc,0.8421052631578947
5,20,5,pr_auc,0.25
5,20,5,fp_per_scenario,3.0
5,20,5,fp_per_user,0.15789473684210525
5,20,5,top1,0.0
5,20,5,top3,0.0
5,20,5,top5,1.0
6,5,0,tau,0.03126084925606891
6,5,0,alpha,0.2
6,5,0,m_pred,3.0
6,5,0,acc,0.6
6,5,0,precision,0.3333333333333333
6,5,0,recall,1.0
6,5,0,f1,0.5
6,5,0,roc_auc,1.0
6,5,0,pr_auc,1.0
6,5,0,fp_per_scenario,2.0
6,5,0,fp_per_user,0.5
6,5,0,top1,1.0
6,5,0,top3,1.0
6,5,0,top5,1.0
6,5,1,tau,0.0398942023515702
6,5,1,alpha,0.2
6,5,1,m_pred,3.0
6,5,1,acc,0.6
6,5,1,precision,0.3333333333333333
6,5,1,recall,1.0
6,5,1,f1,0.5
6,5,1,roc_auc,0.5
6,5,1,pr_auc,0.3333333333333333
6,5,1,fp_per_scenario,2.0
6,5,1,fp_per_user,0.5
6,5,1,top1,0.0
6,5,1,top3,1.0
6,5,1,top5,1.0
6,5,2,tau,0.014846012182533749
6,5,2,alpha,0.2
6,5,2,m_pred,3.0
6,5,2,acc,0.6
6,5,2,precision,0.3333333333333333
6,5,2,recall,1.0
6,5,2,f1,0.5
6,5,2,roc_auc,0.75
6,5,2,pr_auc,0.5
6,5,2,fp_per_scenario,2.0
6,5,2,fp_per_user,0.5
6,5,2,top1,0.0
6,5,2,top3,1.0
6,5,2,top5,1.0
6,5,3,tau,0.006043387204408651
6,5,3,alpha,0.2
6,5,3,m_pred,3.0
6,5,3,acc,0.6
6,5,3,precision,0.3333333333333333
6,5,3,recall,1.0
6,5,3,f1,0.5
6,5,3,roc_auc,1.0
6,5,3,pr_auc,1.0
6,5,3,fp_per_scenario,2.0
6,5,3,fp_per_user,0.5
6,5,3,top1,1.0
6,5,3,top3,1.0
6,5,3,top5,1.0
6,5,4,tau,0.0173189003020525
6,5,4,alpha,0.2
6,5,4,m_pred,3.0
6,5,4,acc,0.6
6,5,4,precision,0.3333333333333333
6,5,4,recall,1.0
6,5,4,f1,0.5
6,5,4,roc_auc,1.0
6,5,4,pr_auc,1.0
6,5,4,fp_per_scenario,2.0
6,5,4,fp_per_user,0.5
6,5,4,top1,1.0
6,5,4,top3,1.0
6,5,4,top5,1.0
6,5,5,tau,0.0035864010453224566
6,5,5,alpha,0.2
6,5,5,m_pred,3.0
6,5,5,acc,0.6
6,5,5,precision,0.3333333333333333
6,5,5,recall,1.0
6,5,5,f1,0.5
6,5,5,roc_auc,0.75
6,5,5,pr_auc,0.5
6,5,5,fp_per_scenario,2.0
6,5,5,fp_per_user,0.5
6,5,5,top1,0.0
6,5,5,top3,1.0
6,5,5,top5,1.0
6,10,0,tau,0.0819252245128157
6,10,0,alpha,0.1
6,10,0,m_pred,3.0
6,10,0,acc,0.8
6,10,0,precision,0.3333333333333333
6,10,0,recall,1.0
6,10,0,f1,0.5
6,10,0,roc_auc,0.8888888888888888
6,10,0,pr_auc,0.5
6,10,0,fp_per_scenario,2.0
6,10,0,fp_per_user,0.2222222222222222
6,10,0,top1,0.0
6,10,0,top3,1.0
6,10,0,top5,1.0
6,10,1,tau,0.03898197356611491
6,10,1,alpha,0.1
6,10,1,m_pred,3.0
6,10,1,acc,0.8
6,10,1,precision,0.3333333333333333
6,10,1,recall,1.0
6,10,1,f1,0.5
6,10,1,roc_auc,0.7777777777777778
6,10,1,pr_auc,0.3333333333333333
6,10,1,fp_per_scenario,2.0
6,10,1,fp_per_user,0.2222222222222222
6,10,1,top1,0.0
6,10,1,top3,1.0
6,10,1,top5,1.0
6,10,2,tau,0.019107031449675592
6,10,2,alpha,0.1
6,10,2,m_pred,3.0
6,10,2,acc,0.8
6,10,2,precision,0.3333333333333333
6,10,2,recall,1.0
6,10,2,f1,0.5
6,10,2,roc_auc,0.8888888888888888
6,10,2,pr_auc,0.5
6,10,2,fp_per_scenario,2.0
6,10,2,fp_per_user,0.2222222222222222
6,10,2,top1,0.0
6,10,2,top3,1.0
6,10,2,top5,1.0
6,10,3,tau,0.011736721522174805
6,10,3,alpha,0.1
6,10,3,m_pred,3.0
6,10,3,acc,0.8
6,10,3,precision,0.3333333333333333
6,10,3,recall,1.0
6,10,3,f1,0.5
6,10,3,roc_auc,1.0
6,10,3,pr_auc,1.0
6,10,3,fp_per_scenario,2.0
6,10,3,fp_per_user,0.2222222222222222
6,10,3,top1,1.0
6,10,3,top3,1.0
6,10,3,top5,1.0
6,10,4,tau,0.02048122708220035
6,10,4,alpha,0.1
6,10,4,m_pred,3.0
6,10,4,acc,0.8
6,10,4,precision,0.3333333333333333
6,10,4,recall,1.0
6,10,4,f1,0.5
6,10,4,roc_auc,1.0
6,10,4,pr_auc,1.0
6,10,4,fp_per_scenario,2.0
6,10,4,fp_per_user,0.2222222222222222
6,10,4,top1,1.0
6,10,4,top3,1.0
6,10,4,top5,1.0
6,10,5,tau,0.014534959162119786
6,10,5,alpha,0.1
6,10,5,m_pred,3.0
6,10,5,acc,0.8
6,10,5,precision,0.3333333333333333
6,10,5,recall,1.0
6,10,5,f1,0.5
6,10,5,roc_auc,1.0
6,10,5,pr_auc,1.0
6,10,5,fp_per_scenario,2.0
6,10,5,fp_per_user,0.2222222222222222
6,10,5,top1,1.0
6,10,5,top3,1.0
6,10,5,top5,1.0
6,20,0,tau,0.06376959793269764
6,20,0,alpha,0.05
6,20,0,m_pred,3.0
6,20,0,acc,0.8
6,20,0,precision,0.0
6,20,0,recall,0.0
6,20,0,f1,0.0
6,20,0,roc_auc,0.5789473684210527
6,20,0,pr_auc,0.1111111111111111
6,20,0,fp_per_scenario,3.0
6,20,0,fp_per_user,0.15789473684210525
6,20,0,top1,0.0
6,20,0,top3,0.0
6,20,0,top5,0.0
6,20,1,tau,0.024905163003131756
6,20,1,alpha,0.05
6,20,1,m_pred,3.0
6,20,1,acc,0.9
6,20,1,precision,0.3333333333333333
6,20,1,recall,1.0
6,20,1,f1,0.5
6,20,1,roc_auc,0.9473684210526316
6,20,1,pr_auc,0.5
6,20,1,fp_per_scenario,2.0
6,20,1,fp_per_user,0.10526315789473684
6,20,1,top1,0.0
6,20,1,top3,1.0
6,20,1,top5,1.0
6,20,2,tau,0.02348321378231049
6,20,2,alpha,0.05
6,20,2,m_pred,3.0
6,20,2,acc,0.8
6,20,2,precision,0.0
6,20,2,recall,0.0
6,20,2,f1,0.0
6,20,2,roc_auc,0.8421052631578947
6,20,2,pr_auc,0.25
6,20,2,fp_per_scenario,3.0
6,20,2,fp_per_user,0.15789473684210525
6,20,2,top1,0.0
6,20,2,top3,0.0
6,20,2,top5,1.0
6,20,3,tau,0.01821058086352423
6,20,3,alpha,0.05
6,20,3,m_pred,3.0
6,20,3,acc,0.9
6,20,3,precision,0.3333333333333333
6,20,3,recall,1.0
6,20,3,f1,0.5
6,20,3,roc_auc,0.9473684210526316
6,20,3,pr_auc,0.5
6,20,3,fp_per_scenario,2.0
6,20,3,fp_per_user,0.10526315789473684
6,20,3,top1,0.0
6,20,3,top3,1.0
6,20,3,top5,1.0
6,20,4,tau,0.016482863342389464
6,20,4,alpha,0.05
6,20,4,m_pred,3.0
6,20,4,acc,0.9
6,20,4,precision,0.3333333333333333
6,20,4,recall,1.0
6,20,4,f1,0.5
6,20,4,roc_auc,1.0
6,20,4,pr_auc,1.0
6,20,4,fp_per_scenario,2.0
6,20,4,fp_per_user,0.10526315789473684
6,20,4,top1,1.0
6,20,4,top3,1.0
6,20,4,top5,1.0
6,20,5,tau,0.010711218346841671
6,20,5,alpha,0.05
6,20,5,m_pred,3.0
6,20,5,acc,0.9
6,20,5,precision,0.3333333333333333
6,20,5,recall,1.0
6,20,5,f1,0.5
6,20,5,roc_auc,0.8947368421052632
6,20,5,pr_auc,0.3333333333333333
6,20,5,fp_per_scenario,2.0
6,20,5,fp_per_user,0.10526315789473684
6,20,5,top1,0.0
6,20,5,top3,1.0
6,20,5,top5,1.0
7,5,0,tau,0.03126084925606891
7,5,0,alpha,0.2
7,5,0,m_pred,3.0
7,5,0,acc,0.6
7,5,0,precision,0.3333333333333333
7,5,0,recall,1.0
7,5,0,f1,0.5
7,5,0,roc_auc,1.0
7,5,0,pr_auc,1.0
7,5,0,fp_per_scenario,2.0
7,5,0,fp_per_user,0.5
7,5,0,top1,1.0
7,5,0,top3,1.0
7,5,0,top5,1.0
7,5,1,tau,0.0398942023515702
7,5,1,alpha,0.2
7,5,1,m_pred,3.0
7,5,1,acc,0.6
7,5,1,precision,0.3333333333333333
7,5,1,recall,1.0
7,5,1,f1,0.5
7,5,1,roc_auc,0.75
7,5,1,pr_auc,0.5
7,5,1,fp_per_scenario,2.0
7,5,1,fp_per_user,0.5
7,5,1,top1,0.0
7,5,1,top3,1.0
7,5,1,top5,1.0
7,5,2,tau,0.014846012182533749
7,5,2,alpha,0.2
7,5,2,m_pred,3.0
7,5,2,acc,0.6
7,5,2,precision,0.3333333333333333
7,5,2,recall,1.0
7,5,2,f1,0.5
7,5,2,roc_auc,0.75
7,5,2,pr_auc,0.5
7,5,2,fp_per_scenario,2.0
7,5,2,fp_per_user,0.5
7,5,2,top1,0.0
7,5,2,top3,1.0
7,5,2,top5,1.0
7,5,3,tau,0.006043387204408651
7,5,3,alpha,0.2
7,5,3,m_pred,3.0
7,5,3,acc,0.6
7,5,3,precision,0.3333333333333333
7,5,3,recall,1.0
7,5,3,f1,0.5
7,5,3,roc_auc,1.0
7,5,3,pr_auc,1.0
7,5,3,fp_per_scenario,2.0
7,5,3,fp_per_user,0.5
7,5,3,top1,1.0
7,5,3,top3,1.0
7,5,3,top5,1.0
7,5,4,tau,0.0173189003020525
7,5,4,alpha,0.2
7,5,4,m_pred,3.0
7,5,4,acc,0.6
7,5,4,precision,0.3333333333333333
7,5,4,recall,1.0
7,5,4,f1,0.5
7,5,4,roc_auc,1.0
7,5,4,pr_auc,1.0
7,5,4,fp_per_scenario,2.0
7,5,4,fp_per_user,0.5
7,5,4,top1,1.0
7,5,4,top3,1.0
7,5,4,top5,1.0
7,5,5,tau,0.0035864010453224566
7,5,5,alpha,0.2
7,5,5,m_pred,3.0
7,5,5,acc,0.6
7,5,5,precision,0.3333333333333333
7,5,5,recall,1.0
7,5,5,f1,0.5
7,5,5,roc_auc,1.0
7,5,5,pr_auc,1.0
7,5,5,fp_per_scenario,2.0
7,5,5,fp_per_user,0.5
7,5,5,top1,1.0
7,5,5,top3,1.0
7,5,5,top5,1.0
7,10,0,tau,0.0819252245128157
7,10,0,alpha,0.1
7,10,0,m_pred,3.0
7,10,0,acc,0.8
7,10,0,precision,0.3333333333333333
7,10,0,recall,1.0
7,10,0,f1,0.5
7,10,0,roc_auc,0.7777777777777778
7,10,0,pr_auc,0.3333333333333333
7,10,0,fp_per_scenario,2.0
7,10,0,fp_per_user,0.2222222222222222
7,10,0,top1,0.0
7,10,0,top3,1.0
7,10,0,top5,1.0
7,10,1,tau,0.03898197356611491
7,10,1,alpha,0.1
7,10,1,m_pred,3.0
7,10,1,acc,0.8
7,10,1,precision,0.3333333333333333
7,10,1,recall,1.0
7,10,1,f1,0.5
7,10,1,roc_auc,0.8888888888888888
7,10,1,pr_auc,0.5
7,10,1,fp_per_scenario,2.0
7,10,1,fp_per_user,0.2222222222222222
7,10,1,top1,0.0
7,10,1,top3,1.0
7,10,1,top5,1.0
7,10,2,tau,0.019107031449675592
7,10,2,alpha,0.1
7,10,2,m_pred,3.0
7,10,2,acc,0.8
7,10,2,precision,0.3333333333333333
7,10,2,recall,1.0
7,10,2,f1,0.5
7,10,2,roc_auc,0.7777777777777778
7,10,2,pr_auc,0.3333333333333333
7,10,2,fp_per_scenario,2.0
7,10,2,fp_per_user,0.2222222222222222
7,10,2,top1,0.0
7,10,2,top3,1.0
7,10,2,top5,1.0
7,10,3,tau,0.011736721522174805
7,10,3,alpha,0.1
7,10,3,m_pred,3.0
7,10,3,acc,0.8
7,10,3,precision,0.3333333333333333
7,10,3,recall,1.0
7,10,3,f1,0.5
7,10,3,roc_auc,1.0
7,10,3,pr_auc,1.0
7,10,3,fp_per_scenario,2.0
7,10,3,fp_per_user,0.2222222222222222
7,10,3,top1,1.0
7,10,3,top3,1.0
7,10,3,top5,1.0
7,10,4,tau,0.02048122708220035
7,10,4,alpha,0.1
7,10,4,m_pred,3.0
7,10,4,acc,0.8
7,10,4,precision,0.3333333333333333
7,10,4,recall,1.0
7,10,4,f1,0.5
7,10,4,roc_auc,0.7777777777777778
7,10,4,pr_auc,0.3333333333333333
7,10,4,fp_per_scenario,2.0
7,10,4,fp_per_user,0.2222222222222222
7,10,4,top1,0.0
7,10,4,top3,1.0
7,10,4,top5,1.0
7,10,5,tau,0.014534959162119786
7,10,5,alpha,0.1
7,10,5,m_pred,3.0
7,10,5,acc,0.8
7,10,5,precision,0.3333333333333333
7,10,5,recall,1.0
7,10,5,f1,0.5
7,10,5,roc_auc,1.0
7,10,5,pr_auc,1.0
7,10,5,fp_per_scenario,2.0
7,10,5,fp_per_user,0.2222222222222222
7,10,5,top1,1.0
7,10,5,top3,1.0
7,10,5,top5,1.0
7,20,0,tau,0.06376959793269764
7,20,0,alpha,0.05
7,20,0,m_pred,3.0
7,20,0,acc,0.9
7,20,0,precision,0.3333333333333333
7,20,0,recall,1.0
7,20,0,f1,0.5
7,20,0,roc_auc,0.8947368421052632
7,20,0,pr_auc,0.3333333333333333
7,20,0,fp_per_scenario,2.0
7,20,0,fp_per_user,0.10526315789473684
7,20,0,top1,0.0
7,20,0,top3,1.0
7,20,0,top5,1.0
7,20,1,tau,0.024905163003131756
7,20,1,alpha,0.05
7,20,1,m_pred,3.0
7,20,1,acc,0.8
7,20,1,precision,0.0
7,20,1,recall,0.0
7,20,1,f1,0.0
7,20,1,roc_auc,0.6842105263157895
7,20,1,pr_auc,0.14285714285714285
7,20,1,fp_per_scenario,3.0
7,20,1,fp_per_user,0.15789473684210525
7,20,1,top1,0.0
7,20,1,top3,0.0
7,20,1,top5,0.0
7,20,2,tau,0.02348321378231049
7,20,2,alpha,0.05
7,20,2,m_pred,3.0
7,20,2,acc,0.8
7,20,2,precision,0.0
7,20,2,recall,0.0
7,20,2,f1,0.0
7,20,2,roc_auc,0.8421052631578947
7,20,2,pr_auc,0.25
7,20,2,fp_per_scenario,3.0
7,20,2,fp_per_user,0.15789473684210525
7,20,2,top1,0.0
7,20,2,top3,0.0
7,20,2,top5,1.0
7,20,3,tau,0.01821058086352423
7,20,3,alpha,0.05
7,20,3,m_pred,3.0
7,20,3,acc,0.9
7,20,3,precision,0.3333333333333333
7,20,3,recall,1.0
7,20,3,f1,0.5
7,20,3,roc_auc,1.0
7,20,3,pr_auc,1.0
7,20,3,fp_per_scenario,2.0
7,20,3,fp_per_user,0.10526315789473684
7,20,3,top1,1.0
7,20,3,top3,1.0
7,20,3,top5,1.0
7,20,4,tau,0.016482863342389464
7,20,4,alpha,0.05
7,20,4,m_pred,3.0
7,20,4,acc,0.9
7,20,4,precision,0.3333333333333333
7,20,4,recall,1.0
7,20,4,f1,0.5
7,20,4,roc_auc,0.9473684210526316
7,20,4,pr_auc,0.5
7,20,4,fp_per_scenario,2.0
7,20,4,fp_per_user,0.10526315789473684
7,20,4,top1,0.0
7,20,4,top3,1.0
7,20,4,top5,1.0
7,20,5,tau,0.010711218346841671
7,20,5,alpha,0.05
7,20,5,m_pred,3.0
7,20,5,acc,0.9
7,20,5,precision,0.3333333333333333
7,20,5,recall,1.0
7,20,5,f1,0.5
7,20,5,roc_auc,0.8947368421052632
7,20,5,pr_auc,0.3333333333333333
7,20,5,fp_per_scenario,2.0
7,20,5,fp_per_user,0.10526315789473684
7,20,5,top1,0.0
7,20,5,top3,1.0
7,20,5,top5,1.0
8,5,0,tau,0.03126084925606891
8,5,0,alpha,0.2
8,5,0,m_pred,3.0
8,5,0,acc,0.6
8,5,0,precision,0.3333333333333333
8,5,0,recall,1.0
8,5,0,f1,0.5
8,5,0,roc_auc,0.75
8,5,0,pr_auc,0.5
8,5,0,fp_per_scenario,2.0
8,5,0,fp_per_user,0.5
8,5,0,top1,0.0
8,5,0,top3,1.0
8,5,0,top5,1.0
8,5,1,tau,0.0398942023515702
8,5,1,alpha,0.2
8,5,1,m_pred,3.0
8,5,1,acc,0.6
8,5,1,precision,0.3333333333333333
8,5,1,recall,1.0
8,5,1,f1,0.5
8,5,1,roc_auc,1.0
8,5,1,pr_auc,1.0
8,5,1,fp_per_scenario,2.0
8,5,1,fp_per_user,0.5
8,5,1,top1,1.0
8,5,1,top3,1.0
8,5,1,top5,1.0
8,5,2,tau,0.014846012182533749
8,5,2,alpha,0.2
8,5,2,m_pred,3.0
8,5,2,acc,0.6
8,5,2,precision,0.3333333333333333
8,5,2,recall,1.0
8,5,2,f1,0.5
8,5,2,roc_auc,0.75
8,5,2,pr_auc,0.5
8,5,2,fp_per_scenario,2.0
8,5,2,fp_per_user,0.5
8,5,2,top1,0.0
8,5,2,top3,1.0
8,5,2,top5,1.0
8,5,3,tau,0.006043387204408651
8,5,3,alpha,0.2
8,5,3,m_pred,3.0
8,5,3,acc,0.6
8,5,3,precision,0.3333333333333333
8,5,3,recall,1.0
8,5,3,f1,0.5
8,5,3,roc_auc,1.0
8,5,3,pr_auc,1.0
8,5,3,fp_per_scenario,2.0
8,5,3,fp_per_user,0.5
8,5,3,top1,1.0
8,5,3,top3,1.0
8,5,3,top5,1.0
8,5,4,tau,0.0173189003020525
8,5,4,alpha,0.2
8,5,4,m_pred,3.0
8,5,4,acc,0.6
8,5,4,precision,0.3333333333333333
8,5,4,recall,1.0
8,5,4,f1,0.5
8,5,4,roc_auc,1.0
8,5,4,pr_auc,1.0
8,5,4,fp_per_scenario,2.0
8,5,4,fp_per_user,0.5
8,5,4,top1,1.0
8,5,4,top3,1.0
8,5,4,top5,1.0
8,5,5,tau,0.0035864010453224566
8,5,5,alpha,0.2
8,5,5,m_pred,3.0
8,5,5,acc,0.6
8,5,5,precision,0.3333333333333333
8,5,5,recall,1.0
8,5,5,f1,0.5
8,5,5,roc_auc,1.0
8,5,5,pr_auc,1.0
8,5,5,fp_per_scenario,2.0
8,5,5,fp_per_user,0.5
8,5,5,top1,1.0
8,5,5,top3,1.0
8,5,5,top5,1.0
8,10,0,tau,0.0819252245128157
8,10,0,alpha,0.1
8,10,0,m_pred,3.0
8,10,0,acc,0.6
8,10,0,precision,0.0
8,10,0,recall,0.0
8,10,0,f1,0.0
8,10,0,roc_auc,0.6666666666666667
8,10,0,pr_auc,0.25
8,10,0,fp_per_scenario,3.0
8,10,0,fp_per_user,0.3333333333333333
8,10,0,top1,0.0
8,10,0,top3,0.0
8,10,0,top5,1.0
8,10,1,tau,0.03898197356611491
8,10,1,alpha,0.1
8,10,1,m_pred,3.0
8,10,1,acc,0.8
8,10,1,precision,0.3333333333333333
8,10,1,recall,1.0
8,10,1,f1,0.5
8,10,1,roc_auc,0.8888888888888888
8,10,1,pr_auc,0.5
8,10,1,fp_per_scenario,2.0
8,10,1,fp_per_user,0.2222222222222222
8,10,1,top1,0.0
8,10,1,top3,1.0
8,10,1,top5,1.0
8,10,2,tau,0.019107031449675592
8,10,2,alpha,0.1
8,10,2,m_pred,3.0
8,10,2,acc,0.8
8,10,2,precision,0.3333333333333333
8,10,2,recall,1.0
8,10,2,f1,0.5
8,10,2,roc_auc,0.7777777777777778
8,10,2,pr_auc,0.3333333333333333
8,10,2,fp_per_scenario,2.0
8,10,2,fp_per_user,0.2222222222222222
8,10,2,top1,0.0
8,10,2,top3,1.0
8,10,2,top5,1.0
8,10,3,tau,0.011736721522174805
8,10,3,alpha,0.1
8,10,3,m_pred,3.0
8,10,3,acc,0.8
8,10,3,precision,0.3333333333333333
8,10,3,recall,1.0
8,10,3,f1,0.5
8,10,3,roc_auc,1.0
8,10,3,pr_auc,1.0
8,10,3,fp_per_scenario,2.0
8,10,3,fp_per_user,0.2222222222222222
8,10,3,top1,1.0
8,10,3,top3,1.0
8,10,3,top5,1.0
8,10,4,tau,0.02048122708220035
8,10,4,alpha,0.1
8,10,4,m_pred,3.0
8,10,4,acc,0.8
8,10,4,precision,0.3333333333333333
8,10,4,recall,1.0
8,10,4,f1,0.5
8,10,4,roc_auc,0.8888888888888888
8,10,4,pr_auc,0.5
8,10,4,fp_per_scenario,2.0
8,10,4,fp_per_user,0.2222222222222222
8,10,4,top1,0.0
8,10,4,top3,1.0
8,10,4,top5,1.0
8,10,5,tau,0.014534959162119786
8,10,5,alpha,0.1
8,10,5,m_pred,3.0
8,10,5,acc,0.8
8,10,5,precision,0.3333333333333333
8,10,5,recall,1.0
8,10,5,f1,0.5
8,10,5,roc_auc,1.0
8,10,5,pr_auc,1.0
8,10,5,fp_per_scenario,2.0
8,10,5,fp_per_user,0.2222222222222222
8,10,5,top1,1.0
8,10,5,top3,1.0
8,10,5,top5,1.0
8,20,0,tau,0.06376959793269764
8,20,0,alpha,0.05
8,20,0,m_pred,3.0
8,20,0,acc,0.9
8,20,0,precision,0.3333333333333333
8,20,0,recall,1.0
8,20,0,f1,0.5
8,20,0,roc_auc,0.8947368421052632
8,20,0,pr_auc,0.3333333333333333
8,20,0,fp_per_scenario,2.0
8,20,0,fp_per_user,0.10526315789473684
8,20,0,top1,0.0
8,20,0,top3,1.0
8,20,0,top5,1.0
8,20,1,tau,0.024905163003131756
8,20,1,alpha,0.05
8,20,1,m_pred,3.0
8,20,1,acc,0.8
8,20,1,precision,0.0
8,20,1,recall,0.0
8,20,1,f1,0.0
8,20,1,roc_auc,0.736842105263158
8,20,1,pr_auc,0.16666666666666666
8,20,1,fp_per_scenario,3.0
8,20,1,fp_per_user,0.15789473684210525
8,20,1,top1,0.0
8,20,1,top3,0.0
8,20,1,top5,0.0
8,20,2,tau,0.02348321378231049
8,20,2,alpha,0.05
8,20,2,m_pred,3.0
8,20,2,acc,0.9
8,20,2,precision,0.3333333333333333
8,20,2,recall,1.0
8,20,2,f1,0.5
8,20,2,roc_auc,0.8947368421052632
8,20,2,pr_auc,0.3333333333333333
8,20,2,fp_per_scenario,2.0
8,20,2,fp_per_user,0.10526315789473684
8,20,2,top1,0.0
8,20,2,top3,1.0
8,20,2,top5,1.0
8,20,3,tau,0.01821058086352423
8,20,3,alpha,0.05
8,20,3,m_pred,3.0
8,20,3,acc,0.9
8,20,3,precision,0.3333333333333333
8,20,3,recall,1.0
8,20,3,f1,0.5
8,20,3,roc_auc,0.9473684210526316
8,20,3,pr_auc,0.5
8,20,3,fp_per_scenario,2.0
8,20,3,fp_per_user,0.10526315789473684
8,20,3,top1,0.0
8,20,3,top3,1.0
8,20,3,top5,1.0
8,20,4,tau,0.016482863342389464
8,20,4,alpha,0.05
8,20,4,m_pred,3.0
8,20,4,acc,0.9
8,20,4,precision,0.3333333333333333
8,20,4,recall,1.0
8,20,4,f1,0.5
8,20,4,roc_auc,1.0
8,20,4,pr_auc,1.0
8,20,4,fp_per_scenario,2.0
8,20,4,fp_per_user,0.10526315789473684
8,20,4,top1,1.0
8,20,4,top3,1.0
8,20,4,top5,1.0
8,20,5,tau,0.010711218346841671
8,20,5,alpha,0.05
8,20,5,m_pred,3.0
8,20,5,acc,0.9
8,20,5,precision,0.3333333333333333
8,20,5,recall,1.0
8,20,5,f1,0.5
8,20,5,roc_auc,0.9473684210526316
8,20,5,pr_auc,0.5
8,20,5,fp_per_scenario,2.0
8,20,5,fp_per_user,0.10526315789473684
8,20,5,top1,0.0
8,20,5,top3,1.0
8,20,5,top5,1.0
9,5,0,tau,0.03126084925606891
9,5,0,alpha,0.2
9,5,0,m_pred,3.0
9,5,0,acc,0.6
9,5,0,precision,0.3333333333333333
9,5,0,recall,1.0
9,5,0,f1,0.5
9,5,0,roc_auc,0.75
9,5,0,pr_auc,0.5
9,5,0,fp_per_scenario,2.0
9,5,0,fp_per_user,0.5
9,5,0,top1,0.0
9,5,0,top3,1.0
9,5,0,top5,1.0
9,5,1,tau,0.0398942023515702
9,5,1,alpha,0.2
9,5,1,m_pred,3.0
9,5,1,acc,0.6
9,5,1,precision,0.3333333333333333
9,5,1,recall,1.0
9,5,1,f1,0.5
9,5,1,roc_auc,0.75
9,5,1,pr_auc,0.5
9,5,1,fp_per_scenario,2.0
9,5,1,fp_per_user,0.5
9,5,1,top1,0.0
9,5,1,top3,1.0
9,5,1,top5,1.0
9,5,2,tau,0.014846012182533749
9,5,2,alpha,0.2
9,5,2,m_pred,3.0
9,5,2,acc,0.6
9,5,2,precision,0.3333333333333333
9,5,2,recall,1.0
9,5,2,f1,0.5
9,5,2,roc_auc,0.75
9,5,2,pr_auc,0.5
9,5,2,fp_per_scenario,2.0
9,5,2,fp_per_user,0.5
9,5,2,top1,0.0
9,5,2,top3,1.0
9,5,2,top5,1.0
9,5,3,tau,0.006043387204408651
9,5,3,alpha,0.2
9,5,3,m_pred,3.0
9,5,3,acc,0.6
9,5,3,precision,0.3333333333333333
9,5,3,recall,1.0
9,5,3,f1,0.5
9,5,3,roc_auc,0.5
9,5,3,pr_auc,0.3333333333333333
9,5,3,fp_per_scenario,2.0
9,5,3,fp_per_user,0.5
9,5,3,top1,0.0
9,5,3,top3,1.0
9,5,3,top5,1.0
9,5,4,tau,0.0173189003020525
9,5,4,alpha,0.2
9,5,4,m_pred,3.0
9,5,4,acc,0.6
9,5,4,precision,0.3333333333333333
9,5,4,recall,1.0
9,5,4,f1,0.5
9,5,4,roc_auc,1.0
9,5,4,pr_auc,1.0
9,5,4,fp_per_scenario,2.0
9,5,4,fp_per_user,0.5
9,5,4,top1,1.0
9,5,4,top3,1.0
9,5,4,top5,1.0
9,5,5,tau,0.0035864010453224566
9,5,5,alpha,0.2
9,5,5,m_pred,3.0
9,5,5,acc,0.6
9,5,5,precision,0.3333333333333333
9,5,5,recall,1.0
9,5,5,f1,0.5
9,5,5,roc_auc,1.0
9,5,5,pr_auc,1.0
9,5,5,fp_per_scenario,2.0
9,5,5,fp_per_user,0.5
9,5,5,top1,1.0
9,5,5,top3,1.0
9,5,5,top5,1.0
9,10,0,tau,0.0819252245128157
9,10,0,alpha,0.1
9,10,0,m_pred,3.0
9,10,0,acc,0.8
9,10,0,precision,0.3333333333333333
9,10,0,recall,1.0
9,10,0,f1,0.5
9,10,0,roc_auc,0.7777777777777778
9,10,0,pr_auc,0.3333333333333333
9,10,0,fp_per_scenario,2.0
9,10,0,fp_per_user,0.2222222222222222
9,10,0,top1,0.0
9,10,0,top3,1.0
9,10,0,top5,1.0
9,10,1,tau,0.03898197356611491
9,10,1,alpha,0.1
9,10,1,m_pred,3.0
9,10,1,acc,0.8
9,10,1,precision,0.3333333333333333
9,10,1,recall,1.0
9,10,1,f1,0.5
9,10,1,roc_auc,0.7777777777777778
9,10,1,pr_auc,0.3333333333333333
9,10,1,fp_per_scenario,2.0
9,10,1,fp_per_user,0.2222222222222222
9,10,1,top1,0.0
9,10,1,top3,1.0
9,10,1,top5,1.0
9,10,2,tau,0.019107031449675592
9,10,2,alpha,0.1
9,10,2,m_pred,3.0
9,10,2,acc,0.8
9,10,2,precision,0.3333333333333333
9,10,2,recall,1.0
9,10,2,f1,0.5
9,10,2,roc_auc,0.7777777777777778
9,10,2,pr_auc,0.3333333333333333
9,10,2,fp_per_scenario,2.0
9,10,2,fp_per_user,0.2222222222222222
9,10,2,top1,0.0
9,10,2,top3,1.0
9,10,2,top5,1.0
9,10,3,tau,0.011736721522174805
9,10,3,alpha,0.1
9,10,3,m_pred,3.0
9,10,3,acc,0.8
9,10,3,precision,0.3333333333333333
9,10,3,recall,1.0
9,10,3,f1,0.5
9,10,3,roc_auc,0.8888888888888888
9,10,3,pr_auc,0.5
9,10,3,fp_per_scenario,2.0
9,10,3,fp_per_user,0.2222222222222222
9,10,3,top1,0.0
9,10,3,top3,1.0
9,10,3,top5,1.0
9,10,4,tau,0.02048122708220035
9,10,4,alpha,0.1
9,10,4,m_pred,3.0
9,10,4,acc,0.8
9,10,4,precision,0.3333333333333333
9,10,4,recall,1.0
9,10,4,f1,0.5
9,10,4,roc_auc,0.7777777777777778
9,10,4,pr_auc,0.3333333333333333
9,10,4,fp_per_scenario,2.0
9,10,4,fp_per_user,0.2222222222222222
9,10,4,top1,0.0
9,10,4,top3,1.0
9,10,4,top5,1.0
9,10,5,tau,0.014534959162119786
9,10,5,alpha,0.1
9,10,5,m_pred,3.0
9,10,5,acc,0.8
9,10,5,precision,0.3333333333333333
9,10,5,recall,1.0
9,10,5,f1,0.5
9,10,5,roc_auc,0.8888888888888888
9,10,5,pr_auc,0.5
9,10,5,fp_per_scenario,2.0
9,10,5,fp_per_user,0.2222222222222222
9,10,5,top1,0.0
9,10,5,top3,1.0
9,10,5,top5,1.0
9,20,0,tau,0.06376959793269764
9,20,0,alpha,0.05
9,20,0,m_pred,3.0
9,20,0,acc,0.9
9,20,0,precision,0.3333333333333333
9,20,0,recall,1.0
9,20,0,f1,0.5
9,20,0,roc_auc,0.9473684210526316
9,20,0,pr_auc,0.5
9,20,0,fp_per_scenario,2.0
9,20,0,fp_per_user,0.10526315789473684
9,20,0,top1,0.0
9,20,0,top3,1.0
9,20,0,top5,1.0
9,20,1,tau,0.024905163003131756
9,20,1,alpha,0.05
9,20,1,m_pred,3.0
9,20,1,acc,0.8
9,20,1,precision,0.0
9,20,1,recall,0.0
9,20,1,f1,0.0
9,20,1,roc_auc,0.736842105263158
9,20,1,pr_auc,0.16666666666666666
9,20,1,fp_per_scenario,3.0
9,20,1,fp_per_user,0.15789473684210525
9,20,1,top1,0.0
9,20,1,top3,0.0
9,20,1,top5,0.0
9,20,2,tau,0.02348321378231049
9,20,2,alpha,0.05
9,20,2,m_pred,3.0
9,20,2,acc,0.9
9,20,2,precision,0.3333333333333333
9,20,2,recall,1.0
9,20,2,f1,0.5
9,20,2,roc_auc,0.9473684210526316
9,20,2,pr_auc,0.5
9,20,2,fp_per_scenario,2.0
9,20,2,fp_per_user,0.10526315789473684
9,20,2,top1,0.0
9,20,2,top3,1.0
9,20,2,top5,1.0
9,20,3,tau,0.01821058086352423
9,20,3,alpha,0.05
9,20,3,m_pred,3.0
9,20,3,acc,0.9
9,20,3,precision,0.3333333333333333
9,20,3,recall,1.0
9,20,3,f1,0.5
9,20,3,roc_auc,1.0
9,20,3,pr_auc,1.0
9,20,3,fp_per_scenario,2.0
9,20,3,fp_per_user,0.10526315789473684
9,20,3,top1,1.0
9,20,3,top3,1.0
9,20,3,top5,1.0
9,20,4,tau,0.016482863342389464
9,20,4,alpha,0.05
9,20,4,m_pred,3.0
9,20,4,acc,0.8
9,20,4,precision,0.0
9,20,4,recall,0.0
9,20,4,f1,0.0
9,20,4,roc_auc,0.8421052631578947
9,20,4,pr_auc,0.25
9,20,4,fp_per_scenario,3.0
9,20,4,fp_per_user,0.15789473684210525
9,20,4,top1,0.0
9,20,4,top3,0.0
9,20,4,top5,1.0
9,20,5,tau,0.010711218346841671
9,20,5,alpha,0.05
9,20,5,m_pred,3.0
9,20,5,acc,0.8
9,20,5,precision,0.0
9,20,5,recall,0.0
9,20,5,f1,0.0
9,20,5,roc_auc,0.8421052631578947
9,20,5,pr_auc,0.25
9,20,5,fp_per_scenario,3.0
9,20,5,fp_per_user,0.15789473684210525
9,20,5,top1,0.0
9,20,5,top3,0.0
9,20,5,top5,1.0
